use Parts;

delete from PartVendor;
delete from PartHistory;
delete from PartProduct;
delete from PartInventory;
delete from Part;

INSERT INTO Part VALUES('BF2001','bike frame - cruising bike');
INSERT INTO Part VALUES('F0235','bike frame - mountain');
INSERT INTO Part VALUES('F9870','bike frame - cruising bike');
INSERT INTO Part VALUES('BF452','bike frame - racing');
INSERT INTO Part VALUES('F6431','bike frame - racing');
INSERT INTO Part VALUES('BF1478','bike frame - road warrior');
INSERT INTO Part VALUES('F9632','bike frame - road warrior');
INSERT INTO Part VALUES('S258','bike seat - cruising bike');
INSERT INTO Part VALUES('BT852','front- tire - cruising bike');
INSERT INTO Part VALUES('BT987','front tire - mountain');
INSERT INTO Part VALUES('BT9635','front tire - racing');
INSERT INTO Part VALUES('BT4697','front tire - road warrior');
INSERT INTO Part VALUES('C3402','gear set - mountain bike');
INSERT INTO Part VALUES('CS3214','gear set - road warrior');
INSERT INTO Part VALUES('K98','gear set - racing bike');
INSERT INTO Part VALUES('S0023','gear set - cruising bike');
INSERT INTO Part VALUES('J8790','handle bar - mountain bike');
INSERT INTO Part VALUES('S2301','handle bar - road warrior');
INSERT INTO Part VALUES('S124','handle bar - cruising bike');
INSERT INTO Part VALUES('S1029','handle bar - racing bike');
INSERT INTO Part VALUES('S3297','bike seat - cruising bike');
INSERT INTO Part VALUES('S4501','bike seat - road warrior');
INSERT INTO Part VALUES('S267','bike seat - muntain bike');
INSERT INTO Part VALUES('S678','bike seat - racing bike');
INSERT INTO Part VALUES('BP0504','bike pedals - road warrior');
INSERT INTO Part VALUES('BP9802','bike pedals - mountain bike');
INSERT INTO Part VALUES('BP301','bike pedals - cruising bike');
INSERT INTO Part VALUES('BP942','bike pedals - racing bike');
INSERT INTO Part VALUES('RTW025','rear tire w/chain & mount - mountain bike');
INSERT INTO Part VALUES('RTW985','rear tire w/chain & mount - racing bike');
INSERT INTO Part VALUES('RTW7135','rear tire w/chain & mount - cruising bike');
INSERT INTO Part VALUES('RT7391','rear tire w/chain & mount - raod warrior');
INSERT INTO Part VALUES('BDR001','derailleurs w/cables - mountain bike');
INSERT INTO Part VALUES('BDR510','derailleurs w/cables - cruising bike');
INSERT INTO Part VALUES('BDT311','derailleurs w/cables - racing bike');
INSERT INTO Part VALUES('BDT888','derailleurs w/cables - road warrior bike');
INSERT INTO Part VALUES('FF45','front & rear fenders - cruising bike');
INSERT INTO Part VALUES('FF99','front & rear fenders - road warrior bike');
INSERT INTO Part VALUES('BBS087','brake systems w/cables - mountain bike');
INSERT INTO Part VALUES('BBS986','brake systems w/cables - cruising bike');
INSERT INTO Part VALUES('BBS055','brake systems w/cables - racing bike');
INSERT INTO Part VALUES('BBS777','brake systems w/cables - road warrior bike');
INSERT INTO Part VALUES('BR7896','reflectors - road warrior bike');
INSERT INTO Part VALUES('BR4563','reflectors - racing bike');
INSERT INTO Part VALUES('BR0021','reflectors - cruising bike');
INSERT INTO Part VALUES('BR9164','reflectors - mountain bike');

INSERT INTO PartHistory VALUES('BR0021','2024-02-09',120);
INSERT INTO PartHistory VALUES('BR9164','2024-03-02',120);
INSERT INTO PartHistory VALUES('J8790','2024-02-09',120);
INSERT INTO PartHistory VALUES('S2301','2024-03-02',120);
INSERT INTO PartHistory VALUES('BBS087','2024-03-02',175);
INSERT INTO PartHistory VALUES('BF2001','2024-01-31',175);
INSERT INTO PartHistory VALUES('BR4563','2024-02-09',175);
INSERT INTO PartHistory VALUES('BT9635','2024-03-02',175);
INSERT INTO PartHistory VALUES('RTW025','2024-01-31',175);
INSERT INTO PartHistory VALUES('S0023','2024-03-02',175);
INSERT INTO PartHistory VALUES('BR7896','2024-03-02',190);
INSERT INTO PartHistory VALUES('K98','2024-01-31',190);
INSERT INTO PartHistory VALUES('BBS055','2024-02-09',200);
INSERT INTO PartHistory VALUES('C3402','2024-03-02',200);
INSERT INTO PartHistory VALUES('BBS777','2024-01-31',250);
INSERT INTO PartHistory VALUES('CS3214','2024-03-02',250);
INSERT INTO PartHistory VALUES('BBS986','2024-02-09',45);
INSERT INTO PartHistory VALUES('BDT888','2024-01-31',45);
INSERT INTO PartHistory VALUES('BT4697','2024-03-02',45);
INSERT INTO PartHistory VALUES('BT987','2024-02-09',45);
INSERT INTO PartHistory VALUES('FF99','2024-01-31',45);
INSERT INTO PartHistory VALUES('S258','2024-03-02',45);
INSERT INTO PartHistory VALUES('BDR001','2024-02-09',450);
INSERT INTO PartHistory VALUES('BP9802','2024-03-02',450);
INSERT INTO PartHistory VALUES('F6431','2024-01-31',450);
INSERT INTO PartHistory VALUES('BP942','2024-03-02',50);
INSERT INTO PartHistory VALUES('S267','2024-02-09',50);
INSERT INTO PartHistory VALUES('S4501','2024-01-31',50);
INSERT INTO PartHistory VALUES('BF452','2024-03-02',550);
INSERT INTO PartHistory VALUES('BT852','2024-03-02',550);
INSERT INTO PartHistory VALUES('FF45','2024-01-31',550);
INSERT INTO PartHistory VALUES('RT7391','2024-03-02',550);
INSERT INTO PartHistory VALUES('S3297','2024-03-02',60);
INSERT INTO PartHistory VALUES('S678','2024-01-31',60);
INSERT INTO PartHistory VALUES('BP0504','2024-03-02',600);
INSERT INTO PartHistory VALUES('F0235','2024-01-31',600);
INSERT INTO PartHistory VALUES('RTW985','2024-03-02',600);
INSERT INTO PartHistory VALUES('BDT311','2024-01-31',625);
INSERT INTO PartHistory VALUES('F9632','2024-01-31',625);
INSERT INTO PartHistory VALUES('F9870','2024-03-02',625);
INSERT INTO PartHistory VALUES('RTW7135','2024-01-31',625);
INSERT INTO PartHistory VALUES('BDR510','2024-02-09',90);
INSERT INTO PartHistory VALUES('BF1478','2024-01-31',90);
INSERT INTO PartHistory VALUES('BP301','2024-01-31',90);
INSERT INTO PartHistory VALUES('S1029','2024-02-09',90);
INSERT INTO PartHistory VALUES('S124','2024-02-09',90);

INSERT INTO PartInventory VALUES('BF2001',12,10);
INSERT INTO PartInventory VALUES('F0235',34,20);
INSERT INTO PartInventory VALUES('F9870',56,15);
INSERT INTO PartInventory VALUES('BF452',32,20);
INSERT INTO PartInventory VALUES('F6431',43,15);
INSERT INTO PartInventory VALUES('BF1478',65,40);
INSERT INTO PartInventory VALUES('F9632',11,15);
INSERT INTO PartInventory VALUES('S258',8,20);
INSERT INTO PartInventory VALUES('BT852',24,10);
INSERT INTO PartInventory VALUES('BT987',27,20);
INSERT INTO PartInventory VALUES('BT9635',18,15);
INSERT INTO PartInventory VALUES('BT4697',20,20);
INSERT INTO PartInventory VALUES('C3402',34,15);
INSERT INTO PartInventory VALUES('CS3214',12,40);
INSERT INTO PartInventory VALUES('K98',34,15);
INSERT INTO PartInventory VALUES('S0023',56,20);
INSERT INTO PartInventory VALUES('J8790',32,10);
INSERT INTO PartInventory VALUES('S2301',43,20);
INSERT INTO PartInventory VALUES('S124',65,15);
INSERT INTO PartInventory VALUES('S1029',11,20);
INSERT INTO PartInventory VALUES('S3297',8,15);
INSERT INTO PartInventory VALUES('S4501',24,40);
INSERT INTO PartInventory VALUES('S267',27,15);
INSERT INTO PartInventory VALUES('S678',18,20);
INSERT INTO PartInventory VALUES('BP0504',20,10);
INSERT INTO PartInventory VALUES('BP9802',34,20);
INSERT INTO PartInventory VALUES('BP301',12,15);
INSERT INTO PartInventory VALUES('BP942',34,20);
INSERT INTO PartInventory VALUES('RTW025',56,15);
INSERT INTO PartInventory VALUES('RTW985',32,40);
INSERT INTO PartInventory VALUES('RTW7135',43,15);
INSERT INTO PartInventory VALUES('RT7391',65,20);
INSERT INTO PartInventory VALUES('BDR001',11,10);
INSERT INTO PartInventory VALUES('BDR510',8,20);
INSERT INTO PartInventory VALUES('BDT311',24,15);
INSERT INTO PartInventory VALUES('BDT888',27,20);
INSERT INTO PartInventory VALUES('FF45',18,15);
INSERT INTO PartInventory VALUES('FF99',20,40);
INSERT INTO PartInventory VALUES('BBS087',34,15);
INSERT INTO PartInventory VALUES('BBS986',11,20);
INSERT INTO PartInventory VALUES('BBS055',8,10);
INSERT INTO PartInventory VALUES('BBS777',24,20);
INSERT INTO PartInventory VALUES('BR7896',27,15);
INSERT INTO PartInventory VALUES('BR4563',18,20);
INSERT INTO PartInventory VALUES('BR0021',20,15);
INSERT INTO PartInventory VALUES('BR9164',34,40);

INSERT INTO PartProduct VALUES('BF2001',705);
INSERT INTO PartProduct VALUES('F0235',23);
INSERT INTO PartProduct VALUES('F9870',705);
INSERT INTO PartProduct VALUES('BF452',125);
INSERT INTO PartProduct VALUES('F6431',125);
INSERT INTO PartProduct VALUES('BF1478',896);
INSERT INTO PartProduct VALUES('F9632',896);
INSERT INTO PartProduct VALUES('S258',705);
INSERT INTO PartProduct VALUES('BT852',705);
INSERT INTO PartProduct VALUES('BT987',23);
INSERT INTO PartProduct VALUES('BT9635',125);
INSERT INTO PartProduct VALUES('BT4697',896);
INSERT INTO PartProduct VALUES('C3402',23);
INSERT INTO PartProduct VALUES('CS3214',896);
INSERT INTO PartProduct VALUES('K98',125);
INSERT INTO PartProduct VALUES('S0023',705);
INSERT INTO PartProduct VALUES('J8790',23);
INSERT INTO PartProduct VALUES('S2301',896);
INSERT INTO PartProduct VALUES('S124',705);
INSERT INTO PartProduct VALUES('S1029',125);
INSERT INTO PartProduct VALUES('S3297',705);
INSERT INTO PartProduct VALUES('S4501',896);
INSERT INTO PartProduct VALUES('S267',23);
INSERT INTO PartProduct VALUES('S678',125);
INSERT INTO PartProduct VALUES('BP0504',896);
INSERT INTO PartProduct VALUES('BP9802',23);
INSERT INTO PartProduct VALUES('BP301',705);
INSERT INTO PartProduct VALUES('BP942',125);
INSERT INTO PartProduct VALUES('RTW025',23);
INSERT INTO PartProduct VALUES('RTW985',125);
INSERT INTO PartProduct VALUES('RTW7135',705);
INSERT INTO PartProduct VALUES('RT7391',896);
INSERT INTO PartProduct VALUES('BDR001',23);
INSERT INTO PartProduct VALUES('BDR510',705);
INSERT INTO PartProduct VALUES('BDT311',125);
INSERT INTO PartProduct VALUES('BDT888',896);
INSERT INTO PartProduct VALUES('FF45',705);
INSERT INTO PartProduct VALUES('FF99',896);
INSERT INTO PartProduct VALUES('BBS087',23);
INSERT INTO PartProduct VALUES('BBS986',705);
INSERT INTO PartProduct VALUES('BBS055',125);
INSERT INTO PartProduct VALUES('BBS777',896);
INSERT INTO PartProduct VALUES('BR7896',896);
INSERT INTO PartProduct VALUES('BR4563',125);
INSERT INTO PartProduct VALUES('BR0021',705);
INSERT INTO PartProduct VALUES('BR9164',23);


INSERT INTO PartVendor VALUES(101,'BF2001');
INSERT INTO PartVendor VALUES(202,'F0235');
INSERT INTO PartVendor VALUES(202,'F9870');
INSERT INTO PartVendor VALUES(303,'BF452');
INSERT INTO PartVendor VALUES(202,'F6431');
INSERT INTO PartVendor VALUES(101,'BF1478');
INSERT INTO PartVendor VALUES(202,'F9632');
INSERT INTO PartVendor VALUES(202,'S258');
INSERT INTO PartVendor VALUES(303,'BT852');
INSERT INTO PartVendor VALUES(303,'BT987');
INSERT INTO PartVendor VALUES(101,'BT9635');
INSERT INTO PartVendor VALUES(202,'BT4697');
INSERT INTO PartVendor VALUES(303,'C3402');
INSERT INTO PartVendor VALUES(202,'CS3214');
INSERT INTO PartVendor VALUES(202,'K98');
INSERT INTO PartVendor VALUES(101,'S0023');
INSERT INTO PartVendor VALUES(202,'J8790');
INSERT INTO PartVendor VALUES(303,'S2301');
INSERT INTO PartVendor VALUES(202,'S124');
INSERT INTO PartVendor VALUES(101,'S1029');
INSERT INTO PartVendor VALUES(101,'S3297');
INSERT INTO PartVendor VALUES(101,'S4501');
INSERT INTO PartVendor VALUES(101,'S267');
INSERT INTO PartVendor VALUES(101,'S678');
INSERT INTO PartVendor VALUES(202,'BP0504');
INSERT INTO PartVendor VALUES(202,'BP9802');
INSERT INTO PartVendor VALUES(101,'BP301');
INSERT INTO PartVendor VALUES(101,'BP942');
INSERT INTO PartVendor VALUES(101,'RTW025');
INSERT INTO PartVendor VALUES(202,'RTW985');
INSERT INTO PartVendor VALUES(202,'RTW7135');
INSERT INTO PartVendor VALUES(303,'RT7391');
INSERT INTO PartVendor VALUES(202,'BDR001');
INSERT INTO PartVendor VALUES(101,'BDR510');
INSERT INTO PartVendor VALUES(202,'BDT311');
INSERT INTO PartVendor VALUES(202,'BDT888');
INSERT INTO PartVendor VALUES(303,'FF45');
INSERT INTO PartVendor VALUES(303,'FF99');
INSERT INTO PartVendor VALUES(101,'BBS087');
INSERT INTO PartVendor VALUES(202,'BBS986');
INSERT INTO PartVendor VALUES(303,'BBS055');
INSERT INTO PartVendor VALUES(202,'BBS777');
INSERT INTO PartVendor VALUES(202,'BR7896');
INSERT INTO PartVendor VALUES(101,'BR4563');
INSERT INTO PartVendor VALUES(202,'BR0021');
INSERT INTO PartVendor VALUES(303,'BR9164');

select * from Part;
select * from PartProduct;
select * from PartHistory;
select * from PartInventory;
select * from PartVendor;


